Student_ID,Age,Gender,Academic_Year,Department,Study_Hours,Sleep_Hours,Screen_Time,Social_Interaction_Hours,Physical_Activity_Hours,Stress_Level,Anxiety_Level,Depression_Level,Mood_Score,Academic_Performance,Attendance_Percentage,Heart_Rate_Variability,Support_System,Mental_Health_Risk
STU1001,18,Male,3rd Year,Mechanical Engineering,5.4,6.1,6.7,3.3,0.6,7,4,3,5,80.0,81.5,48.7,Family,Medium
STU1002,21,Male,4th Year,Humanities & Arts,6.7,7.5,4.7,2.9,1.9,3,2,1,9,97.0,85.3,65.1,Multiple,Low
STU1003,24,Female,4th Year,Humanities & Arts,3.3,6.0,7.3,2.1,1.3,6,5,3,5,78.0,88.7,56.2,Multiple,Medium
STU1004,21,Female,4th Year,Electronics & Comm,6.3,7.3,3.4,4.3,2.3,1,2,3,8,97.0,87.6,66.4,Multiple,Low
STU1005,19,Male,3rd Year,Computer Science,4.1,6.1,4.6,2.0,0.8,6,5,6,6,73.8,74.4,60.0,Family,Medium
STU1006,22,Female,4th Year,Humanities & Arts,7.5,7.7,3.0,3.8,1.3,1,1,1,8,97.0,92.1,79.6,Multiple,Low
STU1007,21,Female,3rd Year,Humanities & Arts,5.5,7.0,4.5,2.9,1.2,6,6,3,6,80.1,72.1,52.4,Family,Medium
STU1008,22,Non-Binary,2nd Year,Humanities & Arts,5.0,8.6,4.7,4.1,2.2,2,3,1,7,95.2,84.3,75.6,Multiple,Low
STU1009,24,Non-Binary,3rd Year,Mechanical Engineering,7.3,7.1,4.7,2.7,2.0,1,2,1,10,97.0,87.6,82.9,Multiple,Low
STU1010,19,Female,2nd Year,Electronics & Comm,4.3,6.4,6.5,3.3,1.1,5,5,3,6,75.3,82.0,45.4,Friends,Medium
STU1011,18,Male,1st Year,Computer Science,4.8,8.5,2.7,4.2,1.5,2,4,1,10,93.5,85.3,80.0,Multiple,Low
STU1012,21,Male,1st Year,Computer Science,5.8,5.9,6.7,1.7,0.7,7,5,6,5,77.6,86.9,49.7,Friends,Medium
STU1013,24,Female,1st Year,Computer Science,4.1,8.2,3.9,2.7,2.4,2,2,2,10,91.0,96.2,73.1,Multiple,Low
STU1014,21,Female,4th Year,Electronics & Comm,7.5,4.8,10.4,1.3,0.7,8,8,8,3,67.0,74.5,43.6,None,High
STU1015,22,Non-Binary,2nd Year,Computer Science,3.7,7.1,4.7,2.7,1.4,5,7,3,7,76.6,82.5,49.2,Family,Medium
STU1016,22,Female,3rd Year,Mechanical Engineering,3.9,6.7,5.4,1.8,1.3,7,6,3,5,72.6,73.2,52.8,Family,Medium
STU1017,20,Female,2nd Year,Electronics & Comm,4.9,6.2,5.8,2.1,1.8,4,6,3,5,78.9,84.6,49.5,Family,Medium
STU1018,19,Male,3rd Year,Mechanical Engineering,4.8,6.8,7.1,2.0,1.7,4,4,6,6,81.6,85.1,45.7,Multiple,Low
STU1019,23,Male,4th Year,Humanities & Arts,6.1,5.8,4.7,3.3,1.2,6,5,6,5,83.7,87.3,45.7,Multiple,Medium
STU1020,20,Male,2nd Year,Computer Science,7.1,7.6,3.9,4.9,2.4,2,2,1,10,97.0,94.6,63.5,Friends,Low
STU1021,23,Non-Binary,2nd Year,Electronics & Comm,4.3,6.0,6.6,1.6,1.1,5,7,5,6,78.5,75.8,58.9,Friends,Medium
STU1022,20,Non-Binary,1st Year,Electronics & Comm,5.4,6.3,6.0,3.2,0.9,4,4,5,5,81.2,72.7,54.9,Multiple,Low
STU1023,24,Female,4th Year,Humanities & Arts,6.1,7.2,4.8,1.9,0.6,7,4,4,6,81.3,82.6,52.3,Multiple,Medium
STU1024,20,Female,3rd Year,Business Administration,5.3,4.6,9.4,0.8,0.7,10,8,10,4,57.6,64.7,35.7,None,High
STU1025,22,Male,3rd Year,Business Administration,5.8,7.8,4.2,4.5,2.7,2,1,2,9,94.3,93.1,65.0,Multiple,Low
STU1026,18,Female,2nd Year,Business Administration,4.8,5.1,9.7,1.8,0.6,10,10,9,3,63.5,77.6,32.1,None,High
STU1027,24,Male,2nd Year,Mechanical Engineering,5.6,8.4,4.2,3.9,2.7,1,4,1,10,97.0,96.8,77.0,Friends,Low
STU1028,23,Female,4th Year,Humanities & Arts,6.0,6.4,5.0,2.4,1.5,6,7,4,6,79.3,76.0,52.5,Multiple,Medium
STU1029,18,Male,2nd Year,Mechanical Engineering,4.7,7.7,2.9,3.5,1.7,4,4,1,8,92.7,96.2,80.5,Multiple,Low
STU1030,24,Non-Binary,4th Year,Business Administration,5.6,5.8,5.6,3.2,1.7,7,5,6,5,77.0,72.5,49.6,Family,Medium
STU1031,21,Male,2nd Year,Business Administration,4.9,7.1,7.4,3.3,1.3,4,4,6,5,78.8,72.9,59.7,Friends,Low
STU1032,20,Female,4th Year,Electronics & Comm,3.8,5.4,9.9,0.6,0.0,7,9,7,2,66.7,74.6,40.9,None,Medium
STU1033,18,Female,2nd Year,Mechanical Engineering,5.3,4.2,9.3,0.8,0.7,9,8,10,2,60.8,79.2,40.9,Counselor,High
STU1034,20,Female,4th Year,Business Administration,5.5,5.7,7.7,1.7,0.2,9,7,10,2,60.0,72.6,34.9,Family,High
STU1035,18,Non-Binary,4th Year,Business Administration,5.2,5.9,7.4,3.2,1.4,7,5,5,7,80.0,79.9,58.7,Family,Medium
STU1036,20,Non-Binary,2nd Year,Computer Science,5.6,6.2,5.9,2.6,1.4,6,4,6,6,78.2,78.0,48.1,Friends,Medium
STU1037,22,Male,3rd Year,Humanities & Arts,3.3,5.8,7.3,2.9,1.1,5,7,6,6,74.9,77.0,58.5,Family,Medium
STU1038,23,Female,3rd Year,Business Administration,7.5,5.0,8.2,1.3,0.4,10,9,8,4,67.4,64.9,33.2,Counselor,High
STU1039,23,Male,2nd Year,Mechanical Engineering,6.1,8.3,3.2,4.4,2.2,1,2,2,8,96.2,84.2,70.6,Friends,Low
STU1040,18,Female,3rd Year,Mechanical Engineering,3.4,6.7,6.8,1.5,0.9,7,7,5,5,74.9,88.0,61.4,Multiple,Medium
STU1041,21,Male,1st Year,Humanities & Arts,4.5,8.1,2.6,3.9,1.7,2,1,3,10,92.6,94.5,75.7,Multiple,Low
STU1042,20,Non-Binary,4th Year,Electronics & Comm,7.4,8.0,2.7,2.7,2.4,2,3,3,7,97.0,91.5,66.3,Multiple,Low
STU1043,23,Female,4th Year,Electronics & Comm,4.0,5.8,5.4,3.2,0.6,5,6,4,6,80.2,83.0,47.0,Friends,Medium
STU1044,18,Female,2nd Year,Electronics & Comm,7.2,8.1,4.6,3.6,1.9,3,4,2,10,97.0,96.0,72.2,Family,Low
STU1045,18,Female,2nd Year,Humanities & Arts,5.7,6.6,4.6,3.1,1.2,5,7,6,6,81.4,82.8,48.1,Family,Medium
STU1046,20,Male,3rd Year,Electronics & Comm,4.1,5.2,10.0,1.5,0.3,10,7,9,2,58.5,60.6,34.4,Friends,High
STU1047,24,Female,4th Year,Business Administration,6.2,7.1,3.8,3.7,1.9,1,2,2,8,97.0,95.9,82.5,Multiple,Low
STU1048,23,Female,2nd Year,Mechanical Engineering,4.5,4.6,7.0,0.8,0.8,7,10,6,3,62.2,69.2,37.0,Friends,Medium
STU1049,21,Male,4th Year,Humanities & Arts,6.1,7.3,3.0,4.4,1.4,1,3,2,9,96.2,95.1,82.6,Friends,Low
STU1050,22,Female,4th Year,Mechanical Engineering,4.2,6.4,6.0,3.0,1.0,6,5,4,7,77.4,72.7,51.5,Family,Medium
STU1051,24,Male,4th Year,Mechanical Engineering,5.8,7.9,2.6,4.0,2.6,4,1,3,10,94.4,89.5,63.3,Multiple,Low
STU1052,21,Non-Binary,3rd Year,Electronics & Comm,2.9,5.1,8.4,1.0,0.7,10,9,9,2,58.4,71.9,38.6,Counselor,High
STU1053,23,Female,4th Year,Computer Science,4.4,8.4,4.3,2.9,1.7,1,1,2,7,92.0,89.8,69.2,Friends,Low
STU1054,23,Non-Binary,2nd Year,Mechanical Engineering,4.3,6.0,6.3,2.9,1.1,5,5,6,7,80.8,83.3,49.3,Multiple,Medium
STU1055,20,Male,2nd Year,Computer Science,5.1,6.4,5.5,2.8,1.1,6,7,5,5,77.4,73.8,62.0,Family,Medium
STU1056,20,Male,3rd Year,Computer Science,4.0,7.2,6.5,2.6,1.4,4,7,5,5,76.0,75.7,55.3,Multiple,Medium
STU1057,24,Male,2nd Year,Computer Science,4.1,7.1,6.4,2.4,1.3,5,4,5,6,78.8,75.4,57.7,Friends,Medium
STU1058,20,Female,3rd Year,Mechanical Engineering,5.7,7.5,4.6,4.5,2.4,3,1,2,7,96.1,95.6,66.0,Multiple,Low
STU1059,24,Non-Binary,3rd Year,Computer Science,5.9,8.4,2.5,3.6,2.3,3,4,3,9,95.3,90.4,65.3,Multiple,Low
STU1060,20,Female,2nd Year,Computer Science,6.5,8.1,3.7,4.1,1.4,1,1,2,10,96.4,96.0,65.4,Multiple,Low
STU1061,23,Male,4th Year,Humanities & Arts,4.5,6.8,5.0,1.7,1.1,7,6,3,7,74.9,79.6,51.3,Family,Medium
STU1062,23,Female,3rd Year,Computer Science,3.4,6.4,5.1,3.2,1.1,5,4,3,6,75.0,85.4,49.1,Friends,Medium
STU1063,22,Male,2nd Year,Mechanical Engineering,7.2,7.6,2.9,2.5,2.6,2,2,3,9,96.1,92.9,79.8,Family,Low
STU1064,24,Non-Binary,2nd Year,Humanities & Arts,2.8,4.6,7.6,1.6,0.5,7,10,9,4,57.4,67.9,37.2,None,High
STU1065,23,Non-Binary,3rd Year,Business Administration,6.5,6.7,4.6,3.2,1.1,4,7,6,5,81.6,82.3,60.3,Multiple,Medium
STU1066,23,Female,3rd Year,Business Administration,4.6,7.2,6.1,2.7,0.6,4,5,6,6,79.2,77.8,60.1,Family,Low
STU1067,18,Female,4th Year,Electronics & Comm,3.5,6.7,5.6,3.3,0.6,4,4,6,5,78.3,85.8,57.7,Multiple,Low
STU1068,22,Female,3rd Year,Computer Science,6.3,6.4,7.1,2.3,1.7,4,6,5,6,82.7,74.6,46.8,Friends,Medium
STU1069,20,Non-Binary,3rd Year,Computer Science,6.8,8.4,3.9,4.6,2.8,1,3,1,8,97.0,96.4,68.7,Friends,Low
STU1070,19,Female,4th Year,Computer Science,2.7,4.3,9.2,1.6,0.2,10,10,8,3,55.6,75.1,35.2,Friends,High
STU1071,18,Male,2nd Year,Humanities & Arts,4.7,4.1,7.3,1.1,0.6,10,9,7,2,59.8,64.2,34.8,None,High
STU1072,23,Female,1st Year,Mechanical Engineering,3.0,6.4,6.3,2.1,0.8,5,6,5,6,73.8,84.7,47.0,Family,Medium
STU1073,23,Male,3rd Year,Computer Science,4.5,6.4,6.7,2.4,0.6,6,7,6,7,73.9,74.0,55.9,Multiple,Medium
STU1074,24,Female,4th Year,Electronics & Comm,3.9,5.9,7.0,2.7,1.2,7,6,5,5,75.2,73.3,50.7,Friends,Medium
STU1075,19,Non-Binary,3rd Year,Electronics & Comm,5.9,6.8,7.0,2.0,0.7,5,5,4,7,82.0,79.9,46.3,Family,Medium
STU1076,23,Female,3rd Year,Electronics & Comm,4.5,6.0,4.7,2.1,0.9,4,6,3,6,80.7,73.0,52.8,Family,Medium
STU1077,24,Non-Binary,1st Year,Humanities & Arts,5.4,5.1,8.3,1.9,0.7,7,10,10,3,69.9,69.0,34.5,Family,High
STU1078,24,Non-Binary,3rd Year,Computer Science,3.9,6.5,5.0,2.4,1.1,5,6,5,6,74.9,83.5,51.6,Multiple,Medium
STU1079,20,Female,3rd Year,Computer Science,3.9,6.6,5.7,3.2,1.8,5,6,3,7,77.8,77.3,56.3,Multiple,Medium
STU1080,19,Female,1st Year,Electronics & Comm,4.1,6.6,6.4,1.8,1.4,4,7,5,5,78.7,88.2,51.2,Friends,Medium
